threshold,fraud_precision,fraud_recall,fraud_f1,balanced_accuracy,youden_j,objective_score
0.05,0.4063969896519285,0.8674698795180723,0.5534913516976298,0.9038750116878644,0.8077500233757289,0.5534913516976298
0.060000000000000005,0.42349457058242845,0.8614457831325302,0.5678358702845797,0.9030870785812187,0.8061741571624375,0.5678358702845797
0.07,0.4364754098360656,0.8554216867469879,0.5780189959294437,0.9016839647060702,0.8033679294121403,0.5780189959294437
0.08000000000000002,0.4418848167539267,0.8473895582329317,0.5808671713695802,0.8984723676078533,0.7969447352157066,0.5808671713695802
0.09000000000000001,0.4525862068965517,0.8433734939759037,0.5890603085553997,0.8976473754187677,0.7952947508375354,0.5890603085553997
0.1,0.461283185840708,0.8373493975903614,0.5948644793152639,0.8956290807751164,0.7912581615502328,0.5948644793152639
0.11000000000000001,0.4674887892376682,0.8373493975903614,0.6,0.8961969399460419,0.7923938798920838,0.6
0.12000000000000001,0.4748858447488584,0.8353413654618473,0.6055312954876274,0.895902747845442,0.791805495690884,0.6055312954876274
0.13,0.48364485981308414,0.8313253012048193,0.6115214180206795,0.8947465044733163,0.7894930089466325,0.6115214180206795
0.14,0.4934289127837515,0.8293172690763052,0.6187265917602996,0.8945942771654477,0.7891885543308954,0.6187265917602996
0.15000000000000002,0.4969915764139591,0.8293172690763052,0.6215199398043642,0.8948782067509105,0.7897564135018209,0.6215199398043642
0.16000000000000003,0.4987864077669903,0.8253012048192772,0.6217851739788199,0.8931067826102821,0.7862135652205642,0.6217851739788199
0.17000000000000004,0.5018315018315018,0.8253012048192772,0.6241457858769932,0.8933433905981678,0.7866867811963356,0.6241457858769932
0.18000000000000005,0.5061728395061729,0.8232931726907631,0.6269113149847095,0.8927179473145279,0.7854358946290558,0.6269113149847095
0.19,0.5144291091593476,0.8232931726907631,0.6332046332046332,0.8933331280830306,0.7866662561660611,0.6332046332046332
0.2,0.5197956577266922,0.8172690763052208,0.6354410616705699,0.890841617463608,0.781683234927216,0.6354410616705699
0.21000000000000002,0.5225806451612903,0.8132530120481928,0.6362922230950511,0.8891175149205568,0.7782350298411136,0.6362922230950511
0.22000000000000003,0.525974025974026,0.8132530120481928,0.638801261829653,0.8893541229084424,0.7787082458168848,0.638801261829653
0.23000000000000004,0.5280312907431551,0.8132530120481928,0.6403162055335968,0.8894960877011738,0.7789921754023477,0.6403162055335968
0.24000000000000005,0.531496062992126,0.8132530120481928,0.6428571428571429,0.8897326956890594,0.7794653913781189,0.6428571428571429
0.25000000000000006,0.5352862849533955,0.8072289156626506,0.6437149719775821,0.8870992202769055,0.7741984405538109,0.6437149719775821
0.26000000000000006,0.5381526104417671,0.8072289156626506,0.6457831325301204,0.887288506667214,0.7745770133344281,0.6457831325301204
0.27,0.5418918918918919,0.8052208835341366,0.6478190630048465,0.8865684201884199,0.7731368403768397,0.6478190630048465
0.28,0.5435967302452316,0.8012048192771084,0.6477272727272727,0.8847496744502142,0.7694993489004285,0.6477272727272727
0.29000000000000004,0.5438356164383562,0.7971887550200804,0.6465798045602605,0.8828362855168546,0.7656725710337091,0.6465798045602605
0.30000000000000004,0.5484764542936288,0.7951807228915663,0.6491803278688525,0.8821635206356374,0.7643270412712748,0.6491803278688525
0.31000000000000005,0.5523012552301255,0.7951807228915663,0.6518518518518519,0.882400128623523,0.764800257247046,0.6518518518518519
0.32000000000000006,0.5563380281690141,0.7931726907630522,0.6539735099337748,0.8816800421447288,0.7633600842894577,0.6539735099337748
0.33,0.5602836879432624,0.7931726907630522,0.656691604322527,0.8819166501326146,0.7638333002652291,0.656691604322527
0.34,0.5622317596566524,0.7891566265060241,0.656641604010025,0.880097904394409,0.7601958087888181,0.656641604010025
0.35000000000000003,0.563845050215208,0.7891566265060241,0.6577405857740586,0.8801925475895633,0.7603850951791267,0.6577405857740586
0.36000000000000004,0.5703918722786647,0.7891566265060241,0.6621735467565291,0.8805711203701804,0.7611422407403607,0.6621735467565291
0.37000000000000005,0.5724743777452416,0.785140562248996,0.6621507197290432,0.8787523746319748,0.7575047492639495,0.6621507197290432
0.38000000000000006,0.575,0.785140562248996,0.6638370118845501,0.8788943394247062,0.7577886788494124,0.6638370118845501
0.39000000000000007,0.5792592592592593,0.785140562248996,0.6666666666666666,0.8791309474125919,0.7582618948251838,0.6666666666666666
0.4000000000000001,0.5849624060150376,0.7811244979919679,0.6689595872742906,0.877501488064695,0.7550029761293899,0.6689595872742906
0.4100000000000001,0.5929878048780488,0.7811244979919679,0.6741767764298093,0.8779273824428891,0.7558547648857783,0.6741767764298093
0.42000000000000004,0.5944700460829493,0.7771084337349398,0.6736292428198434,0.8760613151071064,0.7521226302142128,0.6736292428198434
0.43000000000000005,0.5975232198142415,0.7751004016064257,0.6748251748251748,0.8752465854331579,0.7504931708663158,0.6748251748251748
0.44000000000000006,0.5996884735202492,0.7730923694779116,0.6754385964912281,0.8743845341616323,0.7487690683232646,0.6754385964912281
0.45000000000000007,0.6053459119496856,0.7730923694779116,0.6790123456790124,0.8746684637470952,0.7493369274941903,0.6790123456790124
0.4600000000000001,0.6075949367088608,0.7710843373493976,0.679646017699115,0.8738064124755696,0.7476128249511391,0.679646017699115
0.4700000000000001,0.6079365079365079,0.7690763052208835,0.6790780141843972,0.8728497180088897,0.7456994360177793,0.6790780141843972
0.4800000000000001,0.6096,0.7650602409638554,0.678539626001781,0.870983650673107,0.741967301346214,0.678539626001781
0.49000000000000005,0.6155088852988692,0.7650602409638554,0.6821844225604298,0.8712675802585698,0.7425351605171395,0.6821844225604298
0.5000000000000001,0.6235679214402619,0.7650602409638554,0.6871055004508566,0.8716461530391868,0.7432923060783736,0.6871055004508566
0.5100000000000001,0.625,0.7630522088353414,0.6871609403254972,0.870736780170084,0.7414735603401681,0.6871609403254972
0.5200000000000001,0.6301824212271974,0.7630522088353414,0.6902815622161671,0.8709733881579698,0.7419467763159395,0.6902815622161671
0.5300000000000001,0.6354515050167224,0.7630522088353414,0.6934306569343066,0.8712099961458555,0.742419992291711,0.6934306569343066
0.5400000000000001,0.6357504215851602,0.7570281124497992,0.6911090742438131,0.8682925911482386,0.7365851822964773,0.6911090742438131
0.5500000000000002,0.6416382252559727,0.7550200803212851,0.6937269372693727,0.8675725046694444,0.7351450093388887,0.6937269372693727
0.5600000000000002,0.6437177280550774,0.751004016064257,0.6932344763670065,0.8657064373336618,0.7314128746673236,0.6932344763670065
0.5700000000000002,0.6475694444444444,0.748995983935743,0.6945996275605214,0.8648917076597132,0.7297834153194265,0.6945996275605214
0.5800000000000002,0.6503496503496503,0.7469879518072289,0.6953271028037383,0.8640296563881875,0.728059312776375,0.6953271028037383
0.5900000000000002,0.6554770318021201,0.7449799196787149,0.6973684210526315,0.8632622483118163,0.7265244966236326,0.6973684210526315
0.6000000000000002,0.6601423487544484,0.7449799196787149,0.7,0.8634515347021248,0.7269030694042495,0.7
0.6100000000000001,0.6666666666666666,0.7429718875502008,0.7027540360873694,0.8627314482233306,0.7254628964466612,0.7027540360873694
0.6200000000000001,0.6684782608695652,0.7409638554216867,0.7028571428571428,0.8618220753542278,0.7236441507084557,0.7028571428571428
0.6300000000000001,0.6703096539162113,0.7389558232931727,0.7029608404966571,0.8609127024851251,0.7218254049702502,0.7029608404966571
0.6400000000000001,0.6815642458100558,0.7349397590361446,0.7072463768115942,0.8593778863323824,0.7187557726647649,0.7072463768115942
0.6500000000000001,0.6860902255639098,0.7329317269076305,0.7087378640776699,0.8585631566584339,0.7171263133168677,0.7087378640776699
0.6600000000000001,0.6880907372400756,0.7309236947791165,0.7088607594936709,0.8576537837893311,0.7153075675786622,0.7088607594936709
0.6700000000000002,0.6908396946564885,0.7269076305220884,0.7084148727984344,0.8557877164535485,0.7115754329070969,0.7084148727984344
0.6800000000000002,0.6961538461538461,0.7269076305220884,0.7111984282907662,0.8559770028438569,0.7119540056877138,0.7111984282907662
0.6900000000000002,0.6998050682261209,0.7208835341365462,0.7101879327398615,0.8531542410413944,0.7063084820827887,0.7101879327398615
0.7000000000000002,0.7013752455795678,0.7168674698795181,0.7090367428003972,0.8512408521080346,0.7024817042160691,0.7090367428003972
0.7100000000000002,0.7049504950495049,0.714859437751004,0.7098703888334995,0.850378800836509,0.7007576016730179,0.7098703888334995
0.7200000000000002,0.708,0.7108433734939759,0.7094188376753507,0.8485127335007263,0.6970254670014526,0.7094188376753507
0.7300000000000002,0.7137096774193549,0.7108433734939759,0.7122736418511066,0.8487020198910349,0.6974040397820698,0.7122736418511066
0.7400000000000002,0.7169042769857433,0.7068273092369478,0.7118301314459049,0.8468359525552522,0.6936719051105045,0.7118301314459049
0.7500000000000002,0.7227926078028748,0.7068273092369478,0.7147208121827411,0.8470252389455608,0.6940504778911216,0.7147208121827411
0.7600000000000002,0.7252066115702479,0.7048192771084337,0.714867617107943,0.8461158660764581,0.6922317321529161,0.714867617107943
0.7700000000000002,0.73125,0.7048192771084337,0.7177914110429447,0.8463051524667666,0.6926103049335333,0.7177914110429447
0.7800000000000001,0.7393162393162394,0.6947791164658634,0.7163561076604554,0.8416163233285213,0.6832326466570426,0.7163561076604554
0.7900000000000001,0.7445887445887446,0.6907630522088354,0.7166666666666667,0.8397975775903159,0.6795951551806318,0.7166666666666667
0.8000000000000002,0.7445414847161572,0.6847389558232931,0.7133891213389121,0.836832850995122,0.6736657019902439,0.7133891213389121
0.8100000000000002,0.7477876106194691,0.678714859437751,0.7115789473684211,0.8339627675950823,0.6679255351901645,0.7115789473684211
0.8200000000000002,0.7472035794183445,0.6706827309236948,0.7068783068783069,0.8299940249356312,0.6599880498712625,0.7068783068783069
0.8300000000000002,0.751131221719457,0.6666666666666666,0.7063829787234043,0.8281279575998486,0.6562559151996972,0.7063829787234043
0.8400000000000002,0.7534562211981567,0.6566265060240963,0.7017167381974249,0.8232498420712948,0.6464996841425896,0.7017167381974249
0.8500000000000002,0.7575757575757576,0.6526104417670683,0.7011866235167206,0.8213837747355122,0.6427675494710243,0.7011866235167206
0.8600000000000002,0.7684964200477327,0.6465863453815262,0.7022900763358778,0.818702977725781,0.6374059554515621,0.7022900763358778
0.8700000000000002,0.7692307692307693,0.642570281124498,0.700218818380744,0.8167422671948441,0.6334845343896882,0.700218818380744
0.8800000000000002,0.7783251231527094,0.6345381526104418,0.6991150442477876,0.8130101325232788,0.6260202650465576,0.6991150442477876
0.8900000000000002,0.7924050632911392,0.6285140562248996,0.7010078387458006,0.8103766571111248,0.6207533142222497,0.7010078387458006
0.9000000000000002,0.8036175710594315,0.6244979919678715,0.7028248587570621,0.8086525545680736,0.6173051091361472,0.7028248587570621
0.9100000000000003,0.8093994778067886,0.6224899598393574,0.7037457434733257,0.8077905032965479,0.6155810065930958,0.7037457434733257
0.9200000000000003,0.8201058201058201,0.6224899598393574,0.7077625570776256,0.8080271112844335,0.616054222568867,0.7077625570776256
0.9300000000000002,0.8257372654155496,0.6184738955823293,0.7072330654420207,0.806161043948651,0.6123220878973019,0.7072330654420207
0.9400000000000002,0.8379888268156425,0.6024096385542169,0.7009345794392523,0.7984601666176347,0.5969203332352695,0.7009345794392523
0.9500000000000002,0.8424068767908309,0.5903614457831325,0.6942148760330579,0.7925780350248239,0.5851560700496479,0.6942148760330579
