condition,condition_label,seed,best_epoch,threshold,training_time_sec,pr_auc,roc_auc,accuracy,fraud_precision,fraud_recall,fraud_f1,macro_f1,weighted_f1
A,A: no dedup + stratified random split,0,3,0.65,1242.2969736999999,0.9248429592823771,0.9861375693272245,0.9888143176733781,0.9385964912280702,0.823076923076923,0.8770491803278688,0.9355949026639344,0.9884650516191733
A,A: no dedup + stratified random split,1,5,0.95,1259.5995647999998,0.8990540345353819,0.9815107306486617,0.9880686055182699,0.9016393442622951,0.8461538461538461,0.873015873015873,0.9333780460541024,0.9878885542936967
A,A: no dedup + stratified random split,2,3,0.8,1236.7415407999997,0.9194840294204041,0.9841828430190499,0.9888143176733781,0.9629629629629629,0.8,0.8739495798319328,0.9340485316249012,0.9883213359659042
A,A: no dedup + stratified random split,3,5,0.05,1271.7973046999996,0.8947266829361894,0.9899159030624549,0.9869500372856077,0.8861788617886179,0.8384615384615385,0.8616600790513834,0.927406052047703,0.9867784407863632
A,A: no dedup + stratified random split,4,5,0.05,1272.1349200000004,0.8918554143160742,0.975743006993007,0.9865771812080537,0.8916666666666667,0.823076923076923,0.856,0.9244802502933125,0.986321848432911
A,A: no dedup + stratified random split,5,4,0.3,1252.904353,0.8675357539699415,0.9792575958524234,0.9891871737509321,0.8976377952755905,0.8769230769230769,0.8871595330739299,0.9407405262784962,0.9891272397540589
A,A: no dedup + stratified random split,6,3,0.65,1234.283577600001,0.8880526839289259,0.9760760790933204,0.9876957494407159,0.9145299145299145,0.823076923076923,0.8663967611336032,0.9299738349345952,0.9873875831620385
A,A: no dedup + stratified random split,7,5,0.75,1253.3896072999996,0.8773124928185371,0.9724333855799373,0.9858314690529456,0.9339622641509434,0.7615384615384615,0.8389830508474576,0.9157863772178005,0.9851441909646204
A,A: no dedup + stratified random split,8,2,0.5,988.9436077999999,0.9154826339982352,0.9763488666505908,0.9873228933631618,0.9210526315789473,0.8076923076923077,0.860655737704918,0.927007556352459,0.9869270585017298
A,A: no dedup + stratified random split,9,3,0.15,1236.9436641000011,0.9373143964630624,0.9949647335423197,0.9914243102162565,0.9572649572649573,0.8615384615384616,0.9068825910931174,0.9511938849544148,0.9912095276583905
B,B: exact dedup + stratified random split,0,2,0.05,880.0027460000001,0.8356337947254355,0.9563718512100019,0.9835581787521079,0.8953488372093024,0.719626168224299,0.7979274611398963,0.8946789579924926,0.982701609850799
B,B: exact dedup + stratified random split,1,5,0.85,1140.670381,0.8532657809677724,0.9764580883414826,0.984822934232715,0.9382716049382716,0.7102803738317757,0.8085106382978723,0.9003044850839669,0.9838167622190395
B,B: exact dedup + stratified random split,2,4,0.55,1121.218434399998,0.9247765148825798,0.9839739225516289,0.9915682967959528,0.9578947368421052,0.8504672897196262,0.900990099009901,0.948293376233264,0.991328988479477
B,B: exact dedup + stratified random split,3,5,0.65,1119.139585500001,0.9066561700689447,0.986936518743166,0.9907251264755481,0.9292929292929293,0.8598130841121495,0.8932038834951457,0.9441779664280487,0.9905532071401926
B,B: exact dedup + stratified random split,4,5,0.5,1138.3075716999992,0.9104017852486417,0.9889191475315138,0.9898819561551433,0.946236559139785,0.822429906542056,0.88,0.9373591549295774,0.9895434113958624
B,B: exact dedup + stratified random split,5,5,0.1,1139.9289549999994,0.8842109364410963,0.9809061088073281,0.9869308600337268,0.9130434782608695,0.7850467289719626,0.8442211055276382,0.9187002117297156,0.9864598707449277
B,B: exact dedup + stratified random split,6,4,0.7,1117.7815594999993,0.8535693684842928,0.9655917971570629,0.9869308600337268,0.9523809523809523,0.7476635514018691,0.837696335078534,0.9154438187582434,0.9861769847703906
B,B: exact dedup + stratified random split,7,3,0.8,1101.1156249999985,0.8775916174919051,0.976513791751769,0.9856661045531198,0.8762886597938144,0.794392523364486,0.8333333333333334,0.9129221732745962,0.9853305698147501
B,B: exact dedup + stratified random split,8,4,0.95,1121.4614634999998,0.8988496021790745,0.9906727734109055,0.9877740303541316,0.8979591836734694,0.822429906542056,0.8585365853658536,0.926073756441464,0.9875177763323438
B,B: exact dedup + stratified random split,9,4,0.7,1119.6086346999982,0.8355962518230785,0.9724412535330405,0.9844013490725126,0.8723404255319149,0.7663551401869159,0.8159203980099502,0.9038880000175219,0.9839192332099079
C,C: exact dedup + group-aware split,0,4,0.1,1120.5089676999996,0.8785062517318188,0.976449753971137,0.9852382960776044,0.8673469387755102,0.794392523364486,0.8292682926829268,0.910776971997183,0.9849288999941677
C,C: exact dedup + group-aware split,1,5,0.05,1118.5918306999993,0.8469814523424729,0.9803589709718965,0.9869253479544496,0.88,0.822429906542056,0.8502415458937198,0.9217029118663748,0.9867143696491739
C,C: exact dedup + group-aware split,2,4,0.05,1096.425839399999,0.8381486478103789,0.9670337835606485,0.9827077182623366,0.8586956521739131,0.7383177570093458,0.7939698492462312,0.892472487907289,0.982084546781984
C,C: exact dedup + group-aware split,3,5,0.4,1117.3013625999993,0.9019323414457263,0.9771061061391632,0.9881906368620835,0.9340659340659341,0.794392523364486,0.8585858585858586,0.9262119433774363,0.9877342820089982
C,C: exact dedup + group-aware split,4,5,0.15,1137.054508600002,0.8390088460714253,0.9670256441996246,0.9844013490725126,0.9069767441860465,0.7289719626168224,0.8082901554404145,0.9000800370698008,0.9835887067815273
C,C: exact dedup + group-aware split,5,5,0.25,1133.9316287000001,0.8612970295457387,0.9592885540037048,0.9876700680272109,0.9333333333333333,0.7850467289719626,0.8527918781725888,0.9231787214248788,0.9871613195853365
C,C: exact dedup + group-aware split,6,5,0.15,1141.4363954999972,0.8028935765803106,0.9457498101119515,0.981864192323914,0.8478260869565217,0.7289719626168224,0.7839195979899497,0.8872272434149616,0.9812106222347637
C,C: exact dedup + group-aware split,7,5,0.3,1161.3686653999976,0.8281531074618447,0.9704105273684913,0.9831223628691983,0.875,0.7264150943396226,0.7938144329896907,0.8925077444314929,0.9823727934152098
C,C: exact dedup + group-aware split,8,5,0.35,1142.3084888000012,0.8535098489551995,0.975681945774578,0.9839730071699705,0.8556701030927835,0.7757009345794392,0.8137254901960784,0.9026758786370432,0.9835978473705568
C,C: exact dedup + group-aware split,9,3,0.95,1124.301333000003,0.8565164727634951,0.9697087282454344,0.9831294812315479,0.9036144578313253,0.7009345794392523,0.7894736842105263,0.8903431689945426,0.9821084489098201
